Name,Lat,Lng,Max_Temp,Humidity,Cloudiness,Wind_Speed,Country,Date
Megion,61.0296,76.1136,17.01,72,12,2.69,RU,2021-08-25 20:55:20
Ilulissat,69.2167,-51.1,7.01,81,75,3.6,GL,2021-08-25 20:49:31
Ushuaia,-54.8,-68.3,4.79,52,0,1.54,AR,2021-08-25 20:44:50
Cape Town,-33.9258,18.4232,13.4,88,75,5.14,ZA,2021-08-25 20:49:31
Namie,37.4833,141.0,25.95,93,84,2.14,JP,2021-08-25 20:55:21
Zhigansk,66.7697,123.3711,11.91,96,100,5.8,RU,2021-08-25 20:55:21
Warrnambool,-38.3833,142.4833,8.23,77,100,5.53,AU,2021-08-25 20:55:22
Arraial do Cabo,-22.9661,-42.0278,25.92,57,0,12.35,BR,2021-08-25 20:53:16
Kapaa,22.0752,-159.319,28.18,68,75,2.24,US,2021-08-25 20:52:58
Hermanus,-34.4187,19.2345,13.28,82,0,2.75,ZA,2021-08-25 20:54:12
Avera,33.194,-82.5271,32.64,54,89,2.91,US,2021-08-25 20:55:24
Albany,42.6001,-73.9662,32.67,64,54,0.8,US,2021-08-25 20:52:09
Rikitea,-23.1203,-134.9692,21.76,71,95,4.66,PF,2021-08-25 20:52:54
Katghora,22.5,82.55,24.62,92,100,1.0,IN,2021-08-25 20:55:26
Kendari,-3.945,122.4989,23.11,93,100,1.01,ID,2021-08-25 20:55:26
Gizo Government Station,-8.103,156.8419,27.24,76,82,3.17,SB,2021-08-25 20:55:27
Tegul'det,57.3064,88.1667,13.54,89,90,1.24,RU,2021-08-25 20:55:28
Yulara,-25.2406,130.9889,2.91,44,0,2.57,AU,2021-08-25 20:52:48
Yar-Sale,66.8333,70.8333,7.53,78,100,7.32,RU,2021-08-25 20:55:29
Qaanaaq,77.484,-69.3632,4.05,84,100,4.47,GL,2021-08-25 20:55:29
Severo-Kuril'sk,50.6789,156.125,12.42,94,81,4.38,RU,2021-08-25 20:55:30
Mount Isa,-20.7333,139.5,11.87,26,0,2.57,AU,2021-08-25 20:53:24
Henties Bay,-22.116,14.2845,14.92,81,12,2.72,NA,2021-08-25 20:55:31
Andenes,69.3143,16.1194,9.7,93,0,1.54,NO,2021-08-25 20:55:31
Lüderitz,-26.6481,15.1594,12.77,83,2,3.84,NA,2021-08-25 20:55:32
Torbay,47.6666,-52.7314,19.38,91,90,5.14,CA,2021-08-25 20:55:32
Cabo San Lucas,22.8909,-109.9124,37.51,72,50,4.16,MX,2021-08-25 20:54:05
Tuktoyaktuk,69.4541,-133.0374,7.0,81,90,7.2,CA,2021-08-25 20:52:53
Atuona,-9.8,-139.0333,25.29,71,46,8.85,PF,2021-08-25 20:55:33
Hofn,64.2539,-15.2082,13.49,89,2,5.62,IS,2021-08-25 20:53:51
Raudeberg,61.9875,5.1352,13.78,86,92,1.79,NO,2021-08-25 20:55:33
Namatanai,-3.6667,152.4333,26.02,80,93,2.87,PG,2021-08-25 20:55:34
Port Victoria,0.0939,33.9756,22.9,63,32,3.77,KE,2021-08-25 20:55:34
College,64.8569,-147.8028,13.49,95,90,1.54,US,2021-08-25 20:55:34
Hong Kong,22.2855,114.1577,29.62,84,77,2.83,HK,2021-08-25 20:52:20
Punta Arenas,-53.15,-70.9167,5.06,70,90,6.17,CL,2021-08-25 20:52:49
Saint-Philippe,-21.3585,55.7679,17.9,76,35,3.43,RE,2021-08-25 20:53:53
Sarh,9.1429,18.3923,25.95,89,20,0.0,TD,2021-08-25 20:55:37
Arrondissement de Bressuire,46.9167,-0.5,19.66,45,84,4.32,FR,2021-08-25 20:55:37
Bredasdorp,-34.5322,20.0403,9.62,93,0,3.6,ZA,2021-08-25 20:53:00
Butaritari,3.0707,172.7902,28.41,71,82,6.61,KI,2021-08-25 20:55:38
Ostrovnoy,68.0531,39.5131,4.46,74,44,1.69,RU,2021-08-25 20:55:38
Chokurdakh,70.6333,147.9167,7.54,85,86,1.7,RU,2021-08-25 20:53:05
Castro,-24.7911,-50.0119,24.26,38,49,2.1,BR,2021-08-25 20:55:39
Comonfort,20.7167,-100.7667,26.23,40,33,5.96,MX,2021-08-25 20:55:39
Dolzhanskaya,46.6311,37.8039,24.21,55,0,6.52,RU,2021-08-25 20:55:40
Nefteyugansk,61.0998,72.6035,18.14,76,39,3.63,RU,2021-08-25 20:55:40
Busselton,-33.65,115.3333,11.72,76,78,4.99,AU,2021-08-25 20:55:41
Saldanha,-33.0117,17.9442,12.03,87,0,3.91,ZA,2021-08-25 20:52:57
Puerto Ayora,-0.7393,-90.3518,25.98,85,96,5.36,EC,2021-08-25 20:55:41
Salta,-24.7859,-65.4117,18.16,21,0,3.58,AR,2021-08-25 20:55:41
Necochea,-38.5473,-58.7368,13.91,57,15,3.02,AR,2021-08-25 20:55:42
Port Alfred,-33.5906,26.891,17.39,76,0,4.6,ZA,2021-08-25 20:55:43
Tabory,58.5198,64.5495,18.5,68,82,2.77,RU,2021-08-25 20:55:43
Westport,41.1415,-73.3579,35.03,55,0,0.45,US,2021-08-25 20:52:36
Avarua,-21.2078,-159.775,21.03,78,75,2.06,CK,2021-08-25 20:55:44
Esperance,-33.8667,121.9,12.91,42,70,5.82,AU,2021-08-25 20:55:44
Ghanzi,-21.5667,21.7833,22.06,28,6,4.07,BW,2021-08-25 20:55:45
Ribeira Grande,38.5167,-28.7,21.22,68,40,2.06,PT,2021-08-25 20:55:45
Dingle,10.9995,122.6711,23.46,94,93,3.01,PH,2021-08-25 20:52:49
Tasiilaq,65.6145,-37.6368,5.33,98,100,4.02,GL,2021-08-25 20:55:46
Mendoza,-32.8908,-68.8272,18.74,19,0,3.6,AR,2021-08-25 20:54:49
Vanavara,60.34,102.2797,11.62,95,16,1.69,RU,2021-08-25 20:55:46
Mataura,-46.1927,168.8643,11.38,80,100,1.84,NZ,2021-08-25 20:55:47
Manturovo,58.3353,44.7619,8.16,81,5,0.65,RU,2021-08-25 20:55:47
Maniitsoq,65.4167,-52.9,6.17,98,100,6.95,GL,2021-08-25 20:53:41
Norman Wells,65.282,-126.8329,14.02,82,90,4.12,CA,2021-08-25 20:55:48
Porto Santo,33.072,-16.3415,23.21,83,40,2.57,PT,2021-08-25 20:55:48
Roald,62.5833,6.1333,13.98,82,75,6.17,NO,2021-08-25 20:55:49
Swellendam,-34.0226,20.4417,9.21,73,0,0.57,ZA,2021-08-25 20:55:49
Saint Paul Harbor,57.79,-152.4072,12.87,75,100,2.36,US,2021-08-25 20:55:50
Batagay-Alyta,67.8006,130.4114,10.12,59,39,1.65,RU,2021-08-25 20:55:50
Chimbote,-9.0853,-78.5783,18.52,78,100,6.76,PE,2021-08-25 20:55:51
Horsham,51.064,-0.3272,17.52,65,0,4.63,GB,2021-08-25 20:55:51
Lorengau,-2.0226,147.2712,27.01,78,100,3.6,PG,2021-08-25 20:55:51
Kuytun,54.3419,101.5036,9.22,73,82,0.93,RU,2021-08-25 20:55:52
Clarence Town,-32.5833,151.7833,9.36,82,30,1.96,AU,2021-08-25 20:55:53
Jacksonville,30.3322,-81.6556,33.54,68,75,1.34,US,2021-08-25 20:45:53
Ormstown,45.1334,-73.9992,33.09,42,99,4.15,CA,2021-08-25 20:55:53
Port Elizabeth,-33.918,25.5701,15.05,94,40,1.03,ZA,2021-08-25 20:52:23
Verkhnevilyuysk,63.4453,120.3167,12.73,92,100,3.96,RU,2021-08-25 20:55:55
Ponta do Sol,32.6667,-17.1,23.73,74,48,2.68,PT,2021-08-25 20:55:55
Pisco,-13.7,-76.2167,21.03,60,99,11.83,PE,2021-08-25 20:55:55
Carutapera,-1.195,-46.02,24.74,93,93,3.22,BR,2021-08-25 20:53:16
Paamiut,61.994,-49.6678,6.48,95,100,0.43,GL,2021-08-25 20:55:56
Bagu,18.4228,121.3583,24.3,92,96,1.98,PH,2021-08-25 20:55:57
Pedernales,18.0384,-71.744,28.94,62,99,0.62,DO,2021-08-25 20:55:58
Hobart,-42.8794,147.3294,7.92,81,75,5.14,AU,2021-08-25 20:55:58
Geraldton,-28.7667,114.6,13.23,100,90,0.0,AU,2021-08-25 20:55:59
Hervey Bay,-25.2986,152.8535,7.06,62,11,3.83,AU,2021-08-25 20:55:59
Youkounkoun,12.5333,-13.1333,24.79,87,100,1.32,GN,2021-08-25 20:56:00
Yellowknife,62.456,-114.3525,16.29,77,20,8.75,CA,2021-08-25 20:56:00
Lagoa,39.05,-27.9833,20.7,66,0,5.94,PT,2021-08-25 20:56:00
Pārsābād,39.6482,47.9174,25.18,83,0,4.12,IR,2021-08-25 20:56:01
Pevek,69.7008,170.3133,1.37,98,100,8.09,RU,2021-08-25 20:56:02
Saskylakh,71.9167,114.0833,5.29,93,100,9.88,RU,2021-08-25 20:53:38
Pacific Grove,36.6177,-121.9166,26.0,78,0,3.13,US,2021-08-25 20:55:42
Jamestown,42.097,-79.2353,31.72,48,1,1.34,US,2021-08-25 20:51:42
Salalah,17.0151,54.0924,25.17,93,95,2.95,OM,2021-08-25 20:56:03
Micheweni,-4.9667,39.8333,23.64,76,0,5.85,TZ,2021-08-25 20:56:03
Chu,43.5983,73.7614,23.44,25,7,2.42,KZ,2021-08-25 20:56:04
Vardø,70.3705,31.1107,7.86,82,25,3.23,NO,2021-08-25 20:56:05
Tshikapa,-6.4167,20.8,26.49,50,6,0.19,CD,2021-08-25 20:56:06
Harper,4.375,-7.7169,24.93,88,100,3.96,LR,2021-08-25 20:56:06
Barrow,71.2906,-156.7887,3.83,71,100,6.5,US,2021-08-25 20:53:38
Bongandanga,1.5,21.05,24.7,69,49,0.43,CD,2021-08-25 20:56:07
Xinzhou,38.4092,112.7333,14.07,65,95,0.45,CN,2021-08-25 20:56:07
Hithadhoo,-0.6,73.0833,27.34,76,46,4.21,MV,2021-08-25 20:52:52
Clyde River,70.4692,-68.5914,8.13,71,75,4.63,CA,2021-08-25 20:56:08
George Town,5.4112,100.3354,24.96,94,20,1.54,MY,2021-08-25 20:51:08
Kaitangata,-46.2817,169.8464,7.95,84,100,2.46,NZ,2021-08-25 20:54:08
Adrar,20.5022,-10.0711,37.8,14,82,3.86,MR,2021-08-25 20:56:08
Tarakan,3.3,117.6333,25.61,84,24,2.38,ID,2021-08-25 20:56:09
Bohuslav,49.5494,30.8744,14.92,78,100,3.27,UA,2021-08-25 20:56:09
San Patricio,28.017,-97.5169,36.12,40,11,6.01,US,2021-08-25 20:56:10
Kumluca,36.3703,30.2869,28.76,57,0,2.13,TR,2021-08-25 20:56:10
Prabumulih,-3.45,104.25,22.6,92,90,1.14,ID,2021-08-25 20:56:11
Lompoc,34.6391,-120.4579,33.9,69,20,2.68,US,2021-08-25 20:56:11
Codrington,-38.2667,141.9667,9.07,76,100,5.09,AU,2021-08-25 20:53:43
Yaan,7.3833,8.5667,23.97,90,70,1.66,NG,2021-08-25 20:56:12
Kruisfontein,-34.0033,24.7314,13.82,48,0,2.06,ZA,2021-08-25 20:56:12
Vaini,-21.2,-175.2,20.09,68,20,5.14,TO,2021-08-25 20:56:12
Bluff,-46.6,168.3333,11.56,83,100,7.13,NZ,2021-08-25 20:56:13
Grizáno,39.6333,22.05,23.11,50,0,0.8,GR,2021-08-25 20:56:13
Mar del Plata,-38.0023,-57.5575,17.01,36,20,7.2,AR,2021-08-25 20:56:14
Phan Thiet,10.9333,108.1,24.01,92,100,2.98,VN,2021-08-25 20:56:14
Mwinilunga,-11.7358,24.4293,20.68,33,9,1.82,ZM,2021-08-25 20:56:14
Nyuksenitsa,60.4128,44.2397,8.28,96,63,2.15,RU,2021-08-25 20:56:15
Florida,28.7505,-82.5001,35.51,52,1,0.89,US,2021-08-25 20:51:33
Itaituba,-4.2761,-55.9836,35.09,52,20,5.14,BR,2021-08-25 20:56:15
Cap Malheureux,-19.9842,57.6142,20.27,79,2,1.34,MU,2021-08-25 20:56:16
Carnarvon,-24.8667,113.6333,17.04,80,3,4.63,AU,2021-08-25 20:56:17
Petatlán,17.5167,-101.2667,29.25,82,98,3.48,MX,2021-08-25 20:56:17
Kedrovyy,56.1667,91.8167,10.23,77,70,0.88,RU,2021-08-25 20:56:19
Humberto de Campos,-2.5983,-43.4611,25.03,86,89,2.86,BR,2021-08-25 20:56:19
Port Shepstone,-30.7414,30.455,18.33,83,0,8.43,ZA,2021-08-25 20:53:19
Mount Gambier,-37.8333,140.7667,7.95,76,90,3.6,AU,2021-08-25 20:56:19
Upernavik,72.7868,-56.1549,5.19,92,100,7.61,GL,2021-08-25 20:56:20
Tomatlán,19.9333,-105.25,30.69,73,81,3.75,MX,2021-08-25 20:55:15
Brae,60.3964,-1.353,11.95,79,99,6.21,GB,2021-08-25 20:56:20
Saint George,37.1041,-113.5841,38.68,16,17,0.45,US,2021-08-25 20:56:39
Anadyr,64.75,177.4833,9.28,100,75,4.0,RU,2021-08-25 20:54:07
São Filipe,14.8961,-24.4956,26.02,85,100,1.37,CV,2021-08-25 20:56:39
Provideniya,64.3833,-173.3,6.06,75,90,9.0,RU,2021-08-25 20:54:17
Beringovskiy,63.05,179.3167,8.3,83,100,6.61,RU,2021-08-25 20:56:40
Nicoya,10.1483,-85.452,26.75,91,100,1.41,CR,2021-08-25 20:56:40
Haines Junction,60.7522,-137.5108,13.97,62,100,2.06,CA,2021-08-25 20:56:41
Nikolskoye,59.7035,30.7861,12.23,83,100,3.1,RU,2021-08-25 20:56:41
Bartica,6.4,-58.6167,31.18,80,84,1.95,GY,2021-08-25 20:56:41
Port Lincoln,-34.7333,135.8667,10.57,65,50,4.16,AU,2021-08-25 20:56:42
Vestmannaeyjar,63.4427,-20.2734,13.55,94,90,10.29,IS,2021-08-25 20:56:42
Lábrea,-7.2586,-64.7981,35.66,29,100,0.48,BR,2021-08-25 20:53:09
Broome,42.2506,-75.833,32.81,62,100,0.45,US,2021-08-25 20:56:43
Avon Park,27.5959,-81.5062,34.19,60,3,6.1,US,2021-08-25 20:56:44
Siniscola,40.5719,9.6922,24.75,84,13,1.22,IT,2021-08-25 20:56:45
Nanortalik,60.1432,-45.2371,8.42,84,100,2.04,GL,2021-08-25 20:56:45
Onguday,50.75,86.15,11.87,89,0,1.16,RU,2021-08-25 20:56:46
Berdigestyakh,62.0989,126.6992,8.95,87,42,2.2,RU,2021-08-25 20:56:46
Province of Mantua,45.1667,10.7833,22.58,65,0,1.34,IT,2021-08-25 20:56:47
Salekhard,66.53,66.6019,7.4,93,100,8.87,RU,2021-08-25 20:56:47
Bambous Virieux,-20.3428,57.7575,20.14,77,75,4.63,MU,2021-08-25 20:55:08
Kulhudhuffushi,6.6221,73.07,27.59,78,87,9.46,MV,2021-08-25 20:56:48
East London,-33.0153,27.9116,17.85,59,0,3.62,ZA,2021-08-25 20:56:48
Farkhor,37.4922,69.4036,24.49,22,0,1.6,TJ,2021-08-25 20:56:49
Tiksi,71.6872,128.8694,7.35,96,100,6.01,RU,2021-08-25 20:56:49
Kelo,9.3086,15.8066,23.64,90,96,0.35,TD,2021-08-25 20:57:10
San Quintín,30.4833,-115.95,26.05,62,0,7.33,MX,2021-08-25 20:57:10
Mahébourg,-20.4081,57.7,20.16,77,75,4.63,MU,2021-08-25 20:57:11
Liverpool,53.4106,-2.9779,18.16,84,0,3.09,GB,2021-08-25 20:57:11
Bubanza Province,-3.1167,29.4,23.23,39,5,1.49,BI,2021-08-25 20:57:13
Tura,25.5198,90.2201,23.62,99,100,3.64,IN,2021-08-25 20:57:13
Nabire,-3.3667,135.4833,23.42,93,100,1.69,ID,2021-08-25 20:57:13
Fukuechō,32.6881,128.8419,26.52,91,73,7.77,JP,2021-08-25 20:57:14
Caravelas,-17.7125,-39.2481,22.47,81,10,3.58,BR,2021-08-25 20:57:14
Hilo,19.7297,-155.09,27.38,70,6,3.73,US,2021-08-25 20:57:14
Emerald,-23.5333,148.1667,9.08,43,2,4.63,AU,2021-08-25 20:57:15
Katsuura,35.1333,140.3,26.06,89,27,2.23,JP,2021-08-25 20:57:15
Fortuna,40.5982,-124.1573,21.07,66,1,2.24,US,2021-08-25 20:54:46
Fayaoué,-20.65,166.5333,23.47,70,21,8.46,NC,2021-08-25 20:57:16
Bethel,41.3712,-73.414,33.73,57,2,2.14,US,2021-08-25 20:57:16
Guerrero Negro,27.9769,-114.0611,27.17,57,89,6.99,MX,2021-08-25 20:57:17
Lębork,54.5392,17.7501,14.95,94,92,2.12,PL,2021-08-25 20:57:17
Tual,-5.6667,132.75,26.6,78,96,7.16,ID,2021-08-25 20:57:18
Ritchie,-29.038,24.6028,13.56,33,18,5.49,ZA,2021-08-25 20:54:14
Amahai,-3.3333,128.9167,24.52,86,100,0.87,ID,2021-08-25 20:57:18
Longyearbyen,78.2186,15.6401,6.91,70,75,4.12,SJ,2021-08-25 20:53:47
Port Hardy,50.6996,-127.4199,13.1,82,90,1.54,CA,2021-08-25 20:57:19
Atikokan,48.7555,-91.6216,24.44,31,0,5.19,CA,2021-08-25 20:57:19
Myaundzha,63.0494,147.1858,12.28,94,100,1.81,RU,2021-08-25 20:57:20
Sola,-13.8833,167.55,25.65,71,99,9.84,VU,2021-08-25 20:57:20
La Roda,39.2167,-2.15,25.22,49,41,1.87,ES,2021-08-25 20:57:21
Boysun,38.2061,67.1986,21.47,21,0,3.04,UZ,2021-08-25 20:57:21
Two Rivers,44.1539,-87.5693,31.15,72,45,2.87,US,2021-08-25 20:57:22
Khudumelapye,-23.8833,24.75,19.35,54,82,6.4,BW,2021-08-25 20:57:22
Bara,10.3744,10.7288,22.73,90,100,3.54,NG,2021-08-25 20:57:23
Sambava,-14.2667,50.1667,19.5,87,2,4.38,MG,2021-08-25 20:57:23
Tenabo,20.05,-90.2333,37.84,24,9,2.82,MX,2021-08-25 20:57:23
Iqaluit,63.7506,-68.5145,11.85,54,40,8.75,CA,2021-08-25 20:53:04
Porto Belo,-27.1578,-48.5531,23.68,96,2,3.26,BR,2021-08-25 20:57:24
Hambantota,6.1241,81.1185,26.04,83,77,6.11,LK,2021-08-25 20:57:24
Totskoye,52.5248,52.7623,19.25,77,3,3.64,RU,2021-08-25 20:57:25
Formosa,-26.1775,-58.1781,14.99,88,90,3.6,AR,2021-08-25 20:57:25
Lavrentiya,65.5833,-171.0,7.05,64,98,4.75,RU,2021-08-25 20:57:26
Changji,44.0167,87.3167,21.44,32,0,3.0,CN,2021-08-25 20:57:26
Iglesias,39.3114,8.535,25.35,75,70,0.76,IT,2021-08-25 20:57:27
Matam,15.6175,-13.3303,26.14,72,100,7.98,SN,2021-08-25 20:57:27
Ca Mau,9.1769,105.15,24.18,92,100,1.9,VN,2021-08-25 20:57:28
Monrovia,6.3005,-10.7969,24.87,90,100,3.76,LR,2021-08-25 20:55:47
Rutul,41.5357,47.4239,18.5,85,12,2.1,RU,2021-08-25 20:57:29
Salé,34.0389,-6.8166,22.38,83,40,2.06,MA,2021-08-25 20:57:29
Goma,-1.6792,29.2228,18.87,53,8,1.25,CD,2021-08-25 20:57:29
Leningradskiy,69.3833,178.4167,1.95,97,100,7.19,RU,2021-08-25 20:57:30
Mumbwa,-14.9783,27.0619,21.25,27,2,3.11,ZM,2021-08-25 20:57:30
Auki,-8.7676,160.7034,25.91,83,25,2.52,SB,2021-08-25 20:57:31
Nome,64.5011,-165.4064,8.39,73,99,4.95,US,2021-08-25 20:57:31
Lebu,-37.6167,-73.65,10.35,83,100,6.69,CL,2021-08-25 20:53:28
Cidreira,-30.1811,-50.2056,16.45,99,100,1.8,BR,2021-08-25 20:53:12
Saint-Augustin,51.226,-58.6502,22.81,44,45,3.77,CA,2021-08-25 20:56:59
Omboué,-1.5746,9.2618,24.47,86,9,4.35,GA,2021-08-25 20:53:31
Mittagong,-34.45,150.45,5.47,87,12,2.61,AU,2021-08-25 20:57:33
Kavieng,-2.5744,150.7967,27.68,76,89,5.76,PG,2021-08-25 20:57:33
Kumul,42.8,93.45,22.45,22,20,4.78,CN,2021-08-25 20:53:49
Mīnāb,27.1467,57.0801,32.72,63,0,0.17,IR,2021-08-25 20:57:34
Seoul,37.5683,126.9778,23.69,94,75,2.57,KR,2021-08-25 20:56:25
Norrtälje,59.758,18.705,11.12,94,100,0.54,SE,2021-08-25 20:57:34
Acapulco de Juárez,16.8634,-99.8901,28.9,84,90,3.6,MX,2021-08-25 20:52:45
Ulladulla,-35.35,150.4667,9.37,69,93,5.26,AU,2021-08-25 20:57:35
Bengkulu,-3.8004,102.2655,23.76,89,73,3.2,ID,2021-08-25 20:53:18
Sechura,-5.5569,-80.8222,23.36,59,17,9.15,PE,2021-08-25 20:57:35
Hasaki,35.7333,140.8333,25.22,90,34,2.55,JP,2021-08-25 20:57:36
Tubualá,9.5167,-79.0333,29.06,87,100,4.95,PA,2021-08-25 20:57:36
Manuk Mangkaw,4.8,119.85,27.93,74,79,2.03,PH,2021-08-25 20:57:37
Camocim,-2.9022,-40.8411,27.01,73,87,7.35,BR,2021-08-25 20:57:39
Bereket,39.2446,55.5154,30.33,19,0,3.52,TM,2021-08-25 20:57:39
Lata,40.1629,-8.3327,19.23,96,99,0.01,PT,2021-08-25 20:54:47
Mandurah,-32.55,115.7,14.39,75,32,5.42,AU,2021-08-25 20:57:40
Inuvik,68.3499,-133.7218,11.48,82,75,2.06,CA,2021-08-25 20:57:42
Abaza,52.655,90.0928,9.49,96,7,0.96,RU,2021-08-25 20:57:42
Pinega,64.7001,43.3936,4.58,90,47,2.42,RU,2021-08-25 20:57:43
Namtsy,62.7161,129.6658,11.06,77,100,3.76,RU,2021-08-25 20:57:43
Nhulunbuy,-12.2333,136.7667,24.34,64,52,4.63,AU,2021-08-25 20:57:43
Faanui,-16.4833,-151.75,25.84,74,82,7.78,PF,2021-08-25 20:57:44
Savelugu,9.6244,-0.8253,25.29,83,60,3.23,GH,2021-08-25 20:57:44
Miles City,46.4083,-105.8406,28.06,23,2,5.12,US,2021-08-25 20:57:45
Shaunavon,49.6501,-108.4181,17.88,40,39,5.23,CA,2021-08-25 20:57:46
Kiryat Gat,31.61,34.7642,27.67,100,0,2.57,IL,2021-08-25 20:53:08
Arlit,18.7369,7.3853,34.94,26,100,4.08,NE,2021-08-25 20:57:47
Shimoda,34.6667,138.95,26.56,91,38,2.64,JP,2021-08-25 20:57:47
Yerbogachën,61.2767,108.0108,12.51,98,46,3.23,RU,2021-08-25 20:48:58
Khatanga,71.9667,102.5,4.08,90,100,8.59,RU,2021-08-25 20:49:00
Hualmay,-11.0964,-77.6139,17.95,79,98,5.93,PE,2021-08-25 20:49:00
Rawson,-43.3002,-65.1023,13.21,36,12,6.83,AR,2021-08-25 20:49:01
Tilichiki,60.4667,166.1,12.44,81,99,3.27,RU,2021-08-25 20:49:01
Constitución,-35.3333,-72.4167,11.3,72,67,2.6,CL,2021-08-25 20:49:02
New Norfolk,-42.7826,147.0587,7.72,84,98,0.45,AU,2021-08-25 20:49:02
Bourail,-21.5667,165.4833,22.16,75,40,2.63,NC,2021-08-25 20:49:03
Barabinsk,55.3571,78.357,16.32,74,0,3.52,RU,2021-08-25 20:49:03
Ketchikan,55.3422,-131.6461,13.26,88,90,5.14,US,2021-08-25 20:49:03
Dikson,73.5069,80.5464,3.21,88,100,7.0,RU,2021-08-25 20:49:05
Beloha,-25.1667,45.05,18.13,95,0,2.1,MG,2021-08-25 20:49:05
Palmer,42.1584,-72.3287,33.35,47,40,1.54,US,2021-08-25 20:49:06
Sangar,63.9242,127.4739,9.6,84,100,0.71,RU,2021-08-25 20:49:06
Deputatsky,69.3,139.9,7.5,68,38,1.49,RU,2021-08-25 20:49:07
Thompson,55.7435,-97.8558,18.09,34,40,1.03,CA,2021-08-25 20:45:23
Laas,46.6166,10.7002,18.49,90,18,1.29,IT,2021-08-25 20:49:07
Port Blair,11.6667,92.75,26.35,83,100,6.34,IN,2021-08-25 20:49:08
Canutama,-6.5339,-64.3831,37.49,27,100,1.59,BR,2021-08-25 20:49:09
Hawkesbury,45.6001,-74.616,34.23,45,96,3.73,CA,2021-08-25 20:49:09
Tymovskoye,50.8456,142.655,15.3,91,79,3.04,RU,2021-08-25 20:49:09
Hilton Head,32.2163,-80.7526,32.21,69,1,3.09,US,2021-08-25 20:48:49
Bitung,1.4451,125.1824,23.47,88,92,5.23,ID,2021-08-25 20:49:10
Georgiyevka,43.0369,74.7114,21.02,43,61,3.0,KZ,2021-08-25 20:49:10
Marzuq,14.4,46.4667,27.38,55,74,5.62,YE,2021-08-25 20:49:11
Romans-sur-Isère,45.0464,5.0562,19.92,81,5,1.05,FR,2021-08-25 20:49:11
Hastings,50.8552,0.5729,17.67,87,1,4.32,GB,2021-08-25 20:49:12
Morgan City,29.6994,-91.2068,33.89,79,1,2.06,US,2021-08-25 20:49:12
Petropavlovsk-Kamchatskiy,53.0452,158.6483,12.33,100,0,2.0,RU,2021-08-25 20:49:13
Tūkrah,32.5341,20.5791,26.22,73,0,2.78,LY,2021-08-25 20:51:19
Arica,-18.475,-70.3042,17.13,67,0,7.72,CL,2021-08-25 20:51:20
São João da Barra,-21.6403,-41.0511,25.05,81,0,12.61,BR,2021-08-25 20:51:20
Liepāja,56.5419,21.0367,15.03,100,90,2.57,LV,2021-08-25 20:49:50
Inírida,3.8653,-67.9239,31.67,61,62,0.24,CO,2021-08-25 20:51:05
Puyang,29.4603,119.8861,24.53,95,100,0.25,CN,2021-08-25 20:51:21
La Asuncion,11.0333,-63.8628,31.85,62,43,7.72,VE,2021-08-25 20:51:21
Eyl,7.9803,49.8164,24.9,87,32,10.3,SO,2021-08-25 20:51:22
Diffa,13.3154,12.6113,24.66,69,100,2.65,NE,2021-08-25 20:51:23
Hirara,24.8,125.2833,28.38,76,1,5.58,JP,2021-08-25 20:51:23
Alyangula,-13.8483,136.4192,15.93,82,72,0.0,AU,2021-08-25 20:51:23
Naze,28.3667,129.4833,24.78,85,95,2.37,JP,2021-08-25 20:51:24
Kentau,43.5206,68.5094,26.64,21,5,3.39,KZ,2021-08-25 20:51:25
São Miguel do Araguaia,-13.275,-50.1628,32.88,19,14,1.94,BR,2021-08-25 20:51:25
Ixtapa,20.7,-105.2,30.68,81,62,2.24,MX,2021-08-25 20:49:17
Doha,25.2867,51.5333,37.99,32,0,1.54,QA,2021-08-25 20:47:13
Hamilton,39.1834,-84.5333,32.22,76,90,0.89,US,2021-08-25 20:51:26
Ngama,11.7833,17.1667,26.17,75,98,1.7,TD,2021-08-25 20:51:26
Toamasina,-18.1667,49.3833,19.0,94,20,0.0,MG,2021-08-25 20:51:27
Elizabethtown,37.694,-85.8591,33.34,53,1,2.57,US,2021-08-25 20:51:27
Juneau,58.3019,-134.4197,14.91,91,90,5.14,US,2021-08-25 20:51:28
Mitsamiouli,-11.3847,43.2844,24.31,75,6,1.41,KM,2021-08-25 20:51:28
Safford,32.834,-109.7076,38.3,20,49,1.56,US,2021-08-25 20:51:29
Kununurra,-15.7667,128.7333,19.25,24,4,3.0,AU,2021-08-25 20:51:29
San Cristobal,7.7669,-72.225,28.1,63,89,2.57,VE,2021-08-25 20:51:30
Hobyo,5.3505,48.5268,25.21,88,94,10.59,SO,2021-08-25 20:51:30
Kahului,20.8947,-156.47,29.01,51,40,9.26,US,2021-08-25 20:51:38
Oussouye,12.485,-16.5469,23.1,90,100,3.86,SN,2021-08-25 20:51:47
Peachland,49.7665,-119.7357,26.3,40,100,0.45,CA,2021-08-25 20:51:48
Bandarbeyla,9.4942,50.8122,24.89,87,38,13.56,SO,2021-08-25 20:51:48
La Santisima Trinidad,-14.8333,-64.9,30.99,66,90,1.03,BO,2021-08-25 20:51:49
Maceió,-9.6658,-35.7353,25.69,73,20,5.14,BR,2021-08-25 20:51:49
Makubetsu,45.3714,141.8211,18.41,94,100,2.84,JP,2021-08-25 20:51:49
Mildura,-34.2,142.15,1.98,93,9,3.6,AU,2021-08-25 20:51:50
Mangai,-4.05,19.5333,25.77,64,70,0.5,CD,2021-08-25 20:51:50
Lincoln,40.8,-96.667,31.21,55,40,4.12,US,2021-08-25 20:51:51
Cristalina,-16.7686,-47.6136,23.69,26,10,2.0,BR,2021-08-25 20:51:12
Touros,-5.1989,-35.4608,27.5,78,27,7.95,BR,2021-08-25 20:51:51
Beian,63.6559,9.5683,12.23,82,75,7.2,NO,2021-08-25 20:51:52
Yorkton,51.2167,-102.4677,15.91,55,90,2.06,CA,2021-08-25 20:49:01
Cantilan,9.3336,125.9775,24.49,87,93,1.97,PH,2021-08-25 20:51:53
Tyukod,47.8538,22.5633,15.05,65,100,2.2,HU,2021-08-25 20:51:53
Ponta Delgada,37.7333,-25.6667,21.4,64,20,3.6,PT,2021-08-25 20:51:54
Tromsø,69.6496,18.957,8.01,81,0,0.51,NO,2021-08-25 20:51:54
Vaxjo,56.8777,14.8091,13.22,76,90,4.63,SE,2021-08-25 20:51:54
Caraballeda,10.6112,-66.8522,30.04,79,95,3.09,VE,2021-08-25 20:51:56
Kavaratti,10.5669,72.642,27.14,79,100,5.23,IN,2021-08-25 20:51:57
San Luis,-33.295,-66.3356,16.6,17,0,3.21,AR,2021-08-25 20:51:59
Tortolì,39.9256,9.6572,24.99,78,0,1.03,IT,2021-08-25 20:51:59
Orotukan,62.2667,151.7,11.38,95,100,1.81,RU,2021-08-25 20:52:00
Kalmunai,7.4167,81.8167,27.07,75,100,2.19,LK,2021-08-25 20:52:00
Aldan,58.6031,125.3894,9.16,98,100,0.98,RU,2021-08-25 20:52:01
Dalmau,26.0667,81.0333,28.41,77,100,5.12,IN,2021-08-25 20:52:02
Ibirama,-27.0569,-49.5178,22.59,54,55,1.57,BR,2021-08-25 20:52:03
Zyryanskoye,56.8306,86.6258,13.79,85,33,2.23,RU,2021-08-25 20:52:03
Oława,50.9466,17.2926,16.57,62,86,3.06,PL,2021-08-25 20:52:04
Laguna,38.421,-121.4238,34.8,34,1,1.79,US,2021-08-25 20:52:04
Maxixe,-23.8597,35.3472,20.42,94,1,0.9,MZ,2021-08-25 20:52:05
Mendeleyevo,56.0333,37.2167,14.11,88,75,4.0,RU,2021-08-25 20:52:05
Kaitong,44.8135,123.15,16.42,93,96,1.86,CN,2021-08-25 20:52:06
Cuyo,10.8525,121.0086,28.02,74,100,4.73,PH,2021-08-25 20:52:06
Chauk,20.8833,94.8167,26.35,84,89,4.44,MM,2021-08-25 20:52:07
Daru,-9.0763,143.2092,24.75,90,91,5.98,PG,2021-08-25 20:52:07
Faya,18.3851,42.4509,22.29,38,100,1.84,SA,2021-08-25 20:52:08
Sorong,-0.8833,131.25,24.27,91,100,4.09,ID,2021-08-25 20:52:08
Souillac,-20.5167,57.5167,20.21,77,75,4.63,MU,2021-08-25 20:52:08
Nyurba,63.2842,118.3319,12.67,96,99,4.27,RU,2021-08-25 20:52:09
Santiago,-33.4569,-70.6483,14.69,47,75,2.57,CL,2021-08-25 20:46:06
Turka,49.1541,23.0297,7.36,94,88,0.89,UA,2021-08-25 20:52:09
Dicabisagan,17.0818,122.4157,25.48,85,4,1.42,PH,2021-08-25 20:52:10
Mnogovershinnyy,53.9353,139.9242,14.58,96,97,0.93,RU,2021-08-25 20:52:11
Diamantina,-18.2494,-43.6003,19.0,39,0,2.5,BR,2021-08-25 20:52:11
Savonlinna,61.8699,28.88,11.03,93,90,5.14,FI,2021-08-25 20:52:11
Itarema,-2.9248,-39.9167,26.11,76,76,7.59,BR,2021-08-25 20:52:13
Boulder City,35.9786,-114.8325,40.06,8,1,4.63,US,2021-08-25 20:52:14
Salto,-31.3833,-57.9667,16.09,63,75,3.09,UY,2021-08-25 20:52:08
Ust'-Ishim,57.6935,71.1665,19.01,60,26,2.0,RU,2021-08-25 20:52:14
Platteville,42.7342,-90.4785,30.26,83,90,0.0,US,2021-08-25 20:47:38
Vila Franca do Campo,37.7167,-25.4333,21.23,75,12,4.79,PT,2021-08-25 20:52:15
Khovd,48.0056,91.6419,12.55,53,34,0.78,MN,2021-08-25 20:52:16
Kalabo,-14.97,22.6814,20.79,27,9,2.95,ZM,2021-08-25 20:52:16
Kharan,28.5833,65.4167,27.22,13,3,2.5,PK,2021-08-25 20:52:17
Omsukchan,62.5333,155.8,11.18,86,100,3.42,RU,2021-08-25 20:52:17
Boone,39.0334,-92.3335,37.04,55,50,2.24,US,2021-08-25 20:52:18
Lourdes,43.1,-0.05,19.51,88,40,2.57,FR,2021-08-25 20:52:18
Danilov,58.1908,40.1717,8.03,85,22,2.08,RU,2021-08-25 20:52:19
Samarai,-10.6167,150.6667,26.2,83,67,5.89,PG,2021-08-25 20:52:20
La Ronge,55.1001,-105.2842,18.14,42,75,4.12,CA,2021-08-25 20:52:20
Vysokogornyy,50.1167,139.15,16.43,93,0,0.83,RU,2021-08-25 20:52:20
Verkhoyansk,67.5447,133.385,12.35,59,13,2.04,RU,2021-08-25 20:52:21
Caucayá,-0.1934,-74.7819,25.59,79,100,1.19,CO,2021-08-25 20:52:21
Biak,-0.9131,122.8766,23.21,87,62,3.33,ID,2021-08-25 20:52:22
Corbélia,-24.7989,-53.3067,24.64,35,74,6.56,BR,2021-08-25 20:52:22
Cedar City,37.6775,-113.0619,27.54,18,90,6.17,US,2021-08-25 20:47:42
Nogliki,51.8333,143.1667,14.89,92,5,2.54,RU,2021-08-25 20:52:24
Aksarka,66.5606,67.7975,7.28,91,100,8.17,RU,2021-08-25 20:52:24
Bandrele,-12.9067,45.1914,23.86,78,0,3.09,YT,2021-08-25 20:52:25
Zavallya,48.2135,30.0156,17.53,66,97,3.74,UA,2021-08-25 20:52:26
Kysyl-Syr,63.8986,122.7617,12.71,88,95,3.88,RU,2021-08-25 20:52:26
Airai,-8.9266,125.4092,13.19,87,40,1.52,TL,2021-08-25 20:52:27
Chui,-33.6971,-53.4616,12.27,85,100,5.64,UY,2021-08-25 20:51:10
Umabay,12.3095,123.6796,25.24,88,98,4.7,PH,2021-08-25 20:52:27
Ust'-Barguzin,53.45,108.9833,9.48,89,99,0.53,RU,2021-08-25 20:52:29
Mogadishu,2.0371,45.3438,24.72,85,47,8.09,SO,2021-08-25 20:52:29
Cabedelo,-6.9811,-34.8339,26.37,81,30,6.73,BR,2021-08-25 20:52:30
Havre-St-Pierre,50.2334,-63.5986,20.2,73,90,4.12,CA,2021-08-25 20:52:30
Byron Bay,-28.65,153.6167,10.1,66,18,2.9,AU,2021-08-25 20:52:31
Sarangani,5.4033,125.4636,27.31,76,99,1.71,PH,2021-08-25 20:52:32
Benguela,-12.5763,13.4055,20.81,78,6,1.29,AO,2021-08-25 20:52:32
Tuatapere,-46.1333,167.6833,11.57,88,100,3.15,NZ,2021-08-25 20:52:33
Lewistown,40.5992,-77.5714,33.99,48,1,2.06,US,2021-08-25 20:52:33
Quryq,43.2,51.65,25.58,47,0,4.63,KZ,2021-08-25 20:52:34
Bairiki Village,1.3292,172.9752,29.0,70,75,3.6,KI,2021-08-25 20:52:34
Tessalit,20.1986,1.0114,35.83,19,76,2.23,ML,2021-08-25 20:52:34
Victoria Point,-27.5833,153.3,11.86,73,96,1.34,AU,2021-08-25 20:52:35
Makakilo City,21.3469,-158.0858,28.18,62,75,3.09,US,2021-08-25 20:52:35
Gorontalo,0.5412,123.0595,22.7,96,57,1.23,ID,2021-08-25 20:52:36
Linxia Chengguanzhen,35.6003,103.2064,10.44,59,54,2.03,CN,2021-08-25 20:52:36
Tautira,-17.7333,-149.15,28.01,66,21,6.79,PF,2021-08-25 20:52:37
Surgut,61.25,73.4167,18.1,100,0,2.0,RU,2021-08-25 20:52:37
Ossora,59.2353,163.0719,15.49,78,100,1.4,RU,2021-08-25 20:52:38
Kemlya,54.6963,45.2424,15.37,47,100,2.3,RU,2021-08-25 20:52:38
Timmins,48.4669,-81.3331,27.9,57,75,2.57,CA,2021-08-25 20:48:50
Dunedin,-45.8742,170.5036,9.33,76,92,1.96,NZ,2021-08-25 20:47:39
Hūn,29.1268,15.9477,29.12,25,0,3.84,LY,2021-08-25 20:52:39
Agua Blanca,14.5,-89.65,29.33,68,92,3.22,GT,2021-08-25 20:52:40
Peleduy,59.6289,112.7406,11.96,74,88,2.62,RU,2021-08-25 20:52:40
Cururupu,-1.8283,-44.8683,25.07,89,100,1.81,BR,2021-08-25 20:52:40
Cho Dok,10.7,105.1167,24.42,92,100,2.5,VN,2021-08-25 20:52:41
Ati,13.2154,18.3353,26.88,70,77,6.46,TD,2021-08-25 20:52:41
Fort Nelson,58.8053,-122.7002,19.77,56,75,2.57,CA,2021-08-25 20:48:08
Coquimbo,-29.9533,-71.3436,15.85,51,20,6.17,CL,2021-08-25 20:55:10
Hay River,60.8156,-115.7999,23.99,38,20,6.17,CA,2021-08-25 20:52:42
Okhotsk,59.3833,143.3,13.36,97,100,1.64,RU,2021-08-25 20:52:43
Kayseri Province,38.737,35.4968,16.01,59,0,2.06,TR,2021-08-25 20:52:43
Goderich,43.7501,-81.7165,31.06,65,32,4.12,CA,2021-08-25 20:52:40
Turtas,58.9417,69.1325,18.99,60,13,2.4,RU,2021-08-25 20:52:44
North Augusta,33.5018,-81.9651,33.62,55,20,4.12,US,2021-08-25 20:52:44
Denizli Province,37.8402,29.0698,25.05,32,0,1.25,TR,2021-08-25 20:52:45
Birao,10.2849,22.7882,21.35,96,77,4.41,CF,2021-08-25 20:52:45
Mana,5.6592,-53.7767,27.8,75,52,4.43,GF,2021-08-25 20:52:46
Guane,22.2025,-84.0875,33.65,41,46,4.24,CU,2021-08-25 20:52:46
Pangnirtung,66.1451,-65.7125,6.0,93,90,5.66,CA,2021-08-25 20:52:46
Takoradze,4.8845,-1.7554,25.06,88,100,2.54,GH,2021-08-25 20:52:47
Thinadhoo,0.5333,72.9333,27.46,78,91,5.77,MV,2021-08-25 20:48:00
Verkhnyaya Inta,65.9811,60.3094,9.18,80,100,3.85,RU,2021-08-25 20:52:47
La Palma,33.8464,-118.0467,40.41,51,20,2.68,US,2021-08-25 20:52:48
Kargopol',61.5071,38.9456,8.94,91,100,1.44,RU,2021-08-25 20:52:48
Tazovsky,67.4667,78.7,5.04,90,86,1.92,RU,2021-08-25 20:52:49
Bandundu Province,-3.3167,17.3667,28.68,53,58,1.48,CD,2021-08-25 20:52:49
Ouango,4.3133,22.5552,24.69,80,83,1.43,CF,2021-08-25 20:52:49
Robe,-37.1833,139.75,10.22,64,100,5.28,AU,2021-08-25 20:52:50
Viedma,-40.8135,-62.9967,14.11,30,7,6.83,AR,2021-08-25 20:52:50
Kongolo,-5.3833,27.0,28.79,28,41,0.71,CD,2021-08-25 20:52:51
Balabac,7.9868,117.0645,26.65,75,97,0.56,PH,2021-08-25 20:52:51
Shahreza,32.0339,51.8794,23.33,16,0,2.71,IR,2021-08-25 20:52:52
Portel,-1.9356,-50.8211,29.64,62,91,1.9,BR,2021-08-25 20:52:52
Atar,20.5169,-13.0499,39.23,17,72,2.66,MR,2021-08-25 20:52:52
Camopi,3.1655,-52.3158,27.13,68,98,0.99,GF,2021-08-25 20:52:53
Vila Velha,-20.3297,-40.2925,23.97,78,20,9.26,BR,2021-08-25 20:52:53
Bilma,18.6853,12.9164,34.86,24,34,4.35,NE,2021-08-25 20:52:53
Kudahuvadhoo,2.6708,72.8944,27.91,73,88,6.88,MV,2021-08-25 20:52:54
Kailua,21.4022,-157.7394,28.99,68,90,6.17,US,2021-08-25 20:52:55
Yeppoon,-23.1333,150.7333,3.88,54,2,2.71,AU,2021-08-25 20:52:55
El Alto,-4.2714,-81.2147,21.81,70,16,11.41,PE,2021-08-25 20:52:56
Villa del Rosario,7.8339,-72.4742,31.21,55,40,4.63,CO,2021-08-25 20:52:56
Alamogordo,32.8995,-105.9603,35.53,30,1,0.0,US,2021-08-25 20:49:15
Wad Medani,14.4012,33.5199,29.18,55,20,2.31,SD,2021-08-25 20:52:57
Santa Cruz de la Sierra,-17.8,-63.1667,31.13,38,46,6.92,BO,2021-08-25 20:50:46
Chiang Klang,19.2938,100.8617,22.95,99,79,0.73,TH,2021-08-25 20:52:57
Liaoyang,41.2719,123.1731,17.18,88,1,3.21,CN,2021-08-25 20:52:58
Safi,32.2994,-9.2372,20.98,81,0,4.35,MA,2021-08-25 20:52:58
Amelia,42.5523,12.4182,22.95,81,89,1.11,IT,2021-08-25 20:53:00
Tevriz,57.509,72.4042,18.49,71,40,1.15,RU,2021-08-25 20:53:01
Karlskoga,59.3267,14.5239,12.95,85,100,6.39,SE,2021-08-25 20:53:01
Tumut,-35.3,148.2167,1.55,88,12,0.95,AU,2021-08-25 20:53:02
Veinticinco de Mayo,-35.4323,-60.1727,14.17,45,1,1.14,AR,2021-08-25 20:53:03
Cayenne,4.9333,-52.3333,30.02,75,0,1.34,GF,2021-08-25 20:50:41
Coşereni,44.6833,26.5667,24.04,64,100,2.86,RO,2021-08-25 20:53:04
Portland,45.5234,-122.6762,27.49,43,40,0.45,US,2021-08-25 20:51:11
Poum,-20.2333,164.0167,23.02,79,12,7.23,NC,2021-08-25 20:53:04
Bognor Regis,50.7821,-0.6798,17.79,79,5,3.69,GB,2021-08-25 20:53:05
Lumeje,-11.55,20.7833,26.61,28,82,2.46,AO,2021-08-25 20:53:05
Sitka,57.0531,-135.33,13.21,94,100,1.51,US,2021-08-25 20:53:06
Urbana,40.1106,-88.2073,33.98,65,13,1.79,US,2021-08-25 20:53:07
Marabu,4.4148,114.0089,23.08,94,40,1.54,MY,2021-08-25 20:53:08
Gravelbourg,49.8834,-106.5512,17.15,38,40,2.87,CA,2021-08-25 20:53:08
Haysville,37.5645,-97.3523,39.88,38,1,2.24,US,2021-08-25 20:53:08
Solnechnyy,50.7214,136.6319,17.35,94,47,1.53,RU,2021-08-25 20:53:09
Shetpe,44.1667,52.1167,22.88,46,0,2.19,KZ,2021-08-25 20:53:10
Isangel,-19.55,169.2667,22.06,88,40,1.03,VU,2021-08-25 20:53:10
Luganville,-15.5333,167.1667,25.21,71,59,4.65,VU,2021-08-25 20:53:11
Kangaatsiaq,68.3065,-53.4641,5.15,92,100,6.56,GL,2021-08-25 20:53:11
Wuwei,37.9281,102.6414,15.15,30,0,2.4,CN,2021-08-25 20:53:12
Marsá Maţrūḩ,31.3525,27.2453,26.11,69,0,2.57,EG,2021-08-25 20:53:12
Malbork,54.0359,19.0266,17.75,84,100,7.73,PL,2021-08-25 20:53:12
Ancud,-41.8697,-73.8203,8.74,87,100,11.1,CL,2021-08-25 20:53:13
Yangi Marg`ilon,40.4272,71.7189,23.68,35,0,3.09,UZ,2021-08-25 20:53:13
Labuhan,-6.8844,112.2051,23.87,76,72,4.99,ID,2021-08-25 20:53:14
Ilhabela,-23.7781,-45.3581,23.47,60,1,2.64,BR,2021-08-25 20:53:14
Puerto Quijarro,-17.7833,-57.7667,38.83,14,2,2.39,BO,2021-08-25 20:53:15
Markova,48.6758,24.4138,9.74,94,99,0.54,UA,2021-08-25 20:53:15
Honningsvåg,70.9821,25.9704,3.74,77,15,2.16,NO,2021-08-25 20:53:16
Muros,42.7762,-9.0603,21.1,87,100,2.41,ES,2021-08-25 20:53:16
Qurayyat,31.3318,37.3428,30.1,30,0,6.17,SA,2021-08-25 20:53:17
Slonim,53.0867,25.3219,10.03,75,76,2.6,BY,2021-08-25 20:53:17
Adelaide,-34.9333,138.6,8.39,78,0,0.45,AU,2021-08-25 20:52:19
Wilmington,34.2257,-77.9447,32.95,66,40,5.66,US,2021-08-25 20:50:12
Iowa City,41.6611,-91.5302,31.98,66,49,1.69,US,2021-08-25 20:53:18
Lubango,-14.9172,13.4925,18.04,27,0,2.06,AO,2021-08-25 20:53:18
Turiaçu,-1.6633,-45.3717,24.55,95,95,2.0,BR,2021-08-25 20:53:19
Pochutla,15.7432,-96.4661,32.68,65,100,1.96,MX,2021-08-25 20:53:19
Pokaran,26.9167,71.9167,27.64,65,100,9.12,IN,2021-08-25 20:53:19
Nouadhibou,20.931,-17.0347,22.99,78,0,8.23,MR,2021-08-25 20:53:20
Ankpa,7.3706,7.6253,22.4,95,20,1.38,NG,2021-08-25 20:53:20
Gimli,50.6336,-96.9907,18.57,51,93,4.12,CA,2021-08-25 20:53:21
Sirte,31.2089,16.5887,26.98,58,0,4.71,LY,2021-08-25 20:53:21
Rudnichnyy,59.617,52.4703,7.39,82,0,2.0,RU,2021-08-25 20:53:22
Jinka,5.65,36.65,21.0,46,62,2.45,ET,2021-08-25 20:53:22
Barra de Tecoanapa,16.5167,-98.75,28.9,76,91,3.55,MX,2021-08-25 20:53:22
Strzelce Opolskie,50.5107,18.3006,13.23,62,33,3.15,PL,2021-08-25 20:53:23
Buala,-8.145,159.5921,26.83,81,89,3.54,SB,2021-08-25 20:53:23
Cam Ranh,11.9214,109.1591,24.98,83,20,1.03,VN,2021-08-25 20:53:24
Nipawin,53.3668,-104.0009,16.02,55,90,1.54,CA,2021-08-25 20:53:24
Bontang,0.1333,117.5,23.62,92,89,2.55,ID,2021-08-25 20:53:24
Tomohon,1.3346,124.8392,18.52,92,88,1.32,ID,2021-08-25 20:53:25
Putina,-15.4667,-69.4333,12.64,29,91,2.12,PE,2021-08-25 20:53:25
Syracuse,37.0881,15.2792,28.83,65,0,4.01,IT,2021-08-25 20:53:26
Viile Satu Mare,47.6667,22.95,16.14,82,75,1.03,RO,2021-08-25 20:53:26
Afonso Bezerra,-5.4983,-36.5056,27.59,54,45,10.73,BR,2021-08-25 20:53:26
Massakory,12.996,15.7293,27.93,68,9,1.91,TD,2021-08-25 20:53:27
Sharjah city,25.3573,55.4033,33.99,75,0,0.51,AE,2021-08-25 20:53:28
Kautokeino,69.0125,23.0412,6.76,72,84,0.16,NO,2021-08-25 20:53:28
Straumen,63.8709,11.2999,11.0,89,96,1.77,NO,2021-08-25 20:53:29
Ambulu,-8.345,113.6058,22.32,82,70,1.19,ID,2021-08-25 20:53:29
Caniço,32.6333,-16.85,24.28,87,40,0.0,PT,2021-08-25 20:53:32
Jiblah,13.9216,44.1467,19.44,66,66,1.45,YE,2021-08-25 20:53:33
Mayor Pablo Lagerenza,-19.9309,-60.7718,31.03,23,19,4.05,PY,2021-08-25 20:53:33
Kampene,-3.6,26.6667,23.05,63,0,0.58,CD,2021-08-25 20:53:34
Meulaboh,4.1363,96.1285,24.32,90,100,1.48,ID,2021-08-25 20:53:34
‘Āhuimanu,21.4447,-157.8378,28.25,67,90,6.17,US,2021-08-25 20:53:36
Karasuk,53.7377,78.0403,16.12,74,0,3.88,RU,2021-08-25 20:53:36
Urucará,-2.5364,-57.76,33.89,34,67,0.76,BR,2021-08-25 20:53:37
Plainview,40.7765,-73.4673,34.99,53,0,0.89,US,2021-08-25 20:53:37
High Level,58.5169,-117.136,23.06,40,20,5.66,CA,2021-08-25 20:53:37
Buin,-33.7333,-70.75,15.18,48,56,2.56,CL,2021-08-25 20:53:38
Rocha,-34.4833,-54.3333,10.65,83,100,4.53,UY,2021-08-25 20:49:32
Nyrob,60.733,56.7202,11.19,99,100,1.51,RU,2021-08-25 20:53:38
Pachperwa,27.5167,82.65,26.03,93,100,1.81,IN,2021-08-25 20:53:39
Puerto Escondido,15.85,-97.0667,29.27,73,84,1.99,MX,2021-08-25 20:53:39
Puerto Cabezas,14.0351,-83.3888,31.98,70,40,4.12,NI,2021-08-25 20:53:40
Farah,32.5,62.5,25.72,15,0,3.31,AF,2021-08-25 20:53:40
Ciudad de Allende,25.2833,-100.0167,33.2,47,63,3.7,MX,2021-08-25 20:53:41
Morant Bay,17.8815,-76.4093,27.79,75,100,6.63,JM,2021-08-25 20:53:41
Kovūr,14.4833,79.9833,29.6,58,70,2.55,IN,2021-08-25 20:53:42
Santiago de Chuco,-8.15,-78.1833,15.78,53,96,1.73,PE,2021-08-25 20:53:42
Santa Fe,-31.6333,-60.7,20.57,20,33,2.68,AR,2021-08-25 20:53:24
Blagoyevo,63.3667,47.9167,8.48,97,100,3.58,RU,2021-08-25 20:53:43
Keflavik,64.0049,-22.5624,14.73,100,90,11.83,IS,2021-08-25 20:53:43
Santa Maria,-29.6842,-53.8069,14.61,100,90,1.03,BR,2021-08-25 20:53:43
San Juan de Urabá,8.7592,-76.5297,27.7,79,99,2.88,CO,2021-08-25 20:53:44
Shache,38.4167,77.2406,23.69,26,20,2.67,CN,2021-08-25 20:53:46
Ainaži,57.8636,24.3578,13.37,92,100,10.49,LV,2021-08-25 20:53:46
Buraidah,26.326,43.975,35.25,13,16,4.04,SA,2021-08-25 20:53:47
Arrondissement de Mende,44.6667,3.5,12.66,77,83,1.45,FR,2021-08-25 20:53:48
Sørland,67.667,12.6934,11.24,85,28,7.45,NO,2021-08-25 20:53:48
Port-Gentil,-0.7193,8.7815,23.98,94,75,4.12,GA,2021-08-25 20:53:48
Alice Springs,-23.7,133.8833,-0.25,47,0,0.0,AU,2021-08-25 20:53:49
Ambon City,-3.6954,128.1814,23.08,94,40,1.54,ID,2021-08-25 20:53:49
Nantucket,41.2835,-70.0995,31.06,72,1,5.14,US,2021-08-25 20:52:18
Acaraú,-2.8856,-40.12,26.25,76,78,8.15,BR,2021-08-25 20:53:50
Camacha,33.0833,-16.3333,21.68,83,40,2.57,PT,2021-08-25 20:53:32
Katherine,-14.4667,132.2667,15.18,41,10,2.57,AU,2021-08-25 20:53:50
Todos Santos,23.45,-110.2167,37.23,70,75,2.84,MX,2021-08-25 20:53:50
‘Ewa Beach,21.3156,-158.0072,28.38,69,75,3.09,US,2021-08-25 20:53:51
Saint-François,46.4154,3.9054,16.21,88,0,0.0,FR,2021-08-25 20:53:52
Te Anau,-45.4167,167.7167,8.57,90,100,2.42,NZ,2021-08-25 20:53:52
Puri,19.8,85.85,26.29,76,100,5.48,IN,2021-08-25 20:53:53
Sohag,26.557,31.6948,32.16,25,0,3.17,EG,2021-08-25 20:53:53
Bisert',56.8617,59.0523,16.36,72,52,1.57,RU,2021-08-25 20:53:54
Perevolotskiy,51.8763,54.1938,22.33,38,5,2.78,RU,2021-08-25 20:53:54
Iskateley,67.6803,53.1512,6.59,87,100,5.15,RU,2021-08-25 20:53:54
Ungheni,47.2042,27.7958,15.36,94,90,1.54,MD,2021-08-25 20:53:55
Point Fortin,10.1833,-61.6833,31.96,70,7,5.72,TT,2021-08-25 20:53:55
Ochamchira,42.7121,41.4721,22.01,92,7,1.75,GE,2021-08-25 20:53:56
Nardaran,40.5561,50.0056,24.8,83,0,4.12,AZ,2021-08-25 20:53:56
Dutse,11.7594,9.3392,22.19,82,100,1.49,NG,2021-08-25 20:53:57
Bathsheba,13.2167,-59.5167,30.34,66,40,7.2,BB,2021-08-25 20:53:57
Indramayu,-6.3264,108.32,24.38,73,39,3.82,ID,2021-08-25 20:53:57
Nālūt,30.3333,10.85,30.38,19,0,4.79,LY,2021-08-25 20:53:59
Minggang,32.4586,114.0486,21.25,75,100,3.31,CN,2021-08-25 20:53:59
Voh,-20.9667,164.7,22.95,72,7,2.43,NC,2021-08-25 20:53:59
Fairbanks,64.8378,-147.7164,14.5,95,90,1.54,US,2021-08-25 20:54:00
Manama,26.2154,50.5832,35.99,53,1,1.54,BH,2021-08-25 20:52:29
Kilrush,52.6397,-9.4833,18.86,84,67,2.31,IE,2021-08-25 20:54:00
Mariehamn,60.0973,19.9348,10.92,100,0,1.03,AX,2021-08-25 20:54:01
Neiafu,-18.65,-173.9833,23.38,64,40,5.14,TO,2021-08-25 20:54:01
Tarpon Springs,28.1461,-82.7568,35.72,56,40,0.45,US,2021-08-25 20:54:02
El Colomo,19.05,-104.25,32.99,72,62,3.64,MX,2021-08-25 20:54:02
Calbuco,-41.768,-73.1273,8.56,87,97,10.57,CL,2021-08-25 20:54:03
